<?xml version="1.0" encoding="UTF-8"?>
<export version="D">
  <design>
    <source>/Users/OllyWarner/Documents/Fretronics Audio/KiCad/UNI/Real_TimeBoardA/Real_TimeBoardA.sch</source>
    <date>Wednesday, 21 March 2018 'pmt' 12:49:43</date>
    <tool>Eeschema 4.0.7</tool>
    <sheet number="1" name="/" tstamps="/">
      <title_block>
        <title>Master Board</title>
        <company/>
        <rev>1.0</rev>
        <date>2018-03-05</date>
        <source>Real_TimeBoardA.sch</source>
        <comment number="1" value="O. Warner"/>
        <comment number="2" value="2018"/>
        <comment number="3" value=""/>
        <comment number="4" value=""/>
      </title_block>
    </sheet>
    <sheet number="2" name="/Board1/" tstamps="/5AA01C83/">
      <title_block>
        <title>Board A</title>
        <company/>
        <rev>1.0</rev>
        <date>2018-03-05</date>
        <source>Board1.sch</source>
        <comment number="1" value="O. Warner"/>
        <comment number="2" value="2018"/>
        <comment number="3" value=""/>
        <comment number="4" value=""/>
      </title_block>
    </sheet>
  </design>
  <components>
    <comp ref="J2">
      <value>Raspberry_Pi_2_3</value>
      <footprint>Pin_Headers:Pin_Header_Straight_2x20</footprint>
      <libsource lib="conn" part="Raspberry_Pi_2_3"/>
      <sheetpath names="/Board1/" tstamps="/5AA01C83/"/>
      <tstamp>5AA01CA9</tstamp>
    </comp>
    <comp ref="U1">
      <value>MAX7219</value>
      <footprint>Integrated-Circuits:DIL24</footprint>
      <libsource lib="misc" part="MAX7221"/>
      <sheetpath names="/Board1/" tstamps="/5AA01C83/"/>
      <tstamp>5AA01D9F</tstamp>
    </comp>
    <comp ref="R1">
      <value>11K</value>
      <footprint>Resistors_SMD:R_0805</footprint>
      <libsource lib="device" part="R"/>
      <sheetpath names="/Board1/" tstamps="/5AA01C83/"/>
      <tstamp>5AA2DCB5</tstamp>
    </comp>
    <comp ref="C2">
      <value>100n</value>
      <footprint>Capacitors_SMD:C_0805</footprint>
      <libsource lib="device" part="C"/>
      <sheetpath names="/Board1/" tstamps="/5AA01C83/"/>
      <tstamp>5AA2FF56</tstamp>
    </comp>
    <comp ref="C1">
      <value>10u</value>
      <footprint>Capacitors_SMD:c_elec_5x5.7</footprint>
      <libsource lib="device" part="CP"/>
      <sheetpath names="/Board1/" tstamps="/5AA01C83/"/>
      <tstamp>5AA30085</tstamp>
    </comp>
    <comp ref="D1">
      <value>UV</value>
      <footprint>LEDs:LED-5MM</footprint>
      <libsource lib="device" part="LED"/>
      <sheetpath names="/Board1/" tstamps="/5AA01C83/"/>
      <tstamp>5AA5725B</tstamp>
    </comp>
    <comp ref="D2">
      <value>UV</value>
      <footprint>LEDs:LED-5MM</footprint>
      <libsource lib="device" part="LED"/>
      <sheetpath names="/Board1/" tstamps="/5AA01C83/"/>
      <tstamp>5AA57543</tstamp>
    </comp>
    <comp ref="D3">
      <value>IR</value>
      <footprint>LEDs:LED-5MM</footprint>
      <libsource lib="device" part="LED"/>
      <sheetpath names="/Board1/" tstamps="/5AA01C83/"/>
      <tstamp>5AA5765B</tstamp>
    </comp>
    <comp ref="D4">
      <value>IR</value>
      <footprint>LEDs:LED-5MM</footprint>
      <libsource lib="device" part="LED"/>
      <sheetpath names="/Board1/" tstamps="/5AA01C83/"/>
      <tstamp>5AA577E8</tstamp>
    </comp>
    <comp ref="D5">
      <value>IR</value>
      <footprint>LEDs:LED-5MM</footprint>
      <libsource lib="device" part="LED"/>
      <sheetpath names="/Board1/" tstamps="/5AA01C83/"/>
      <tstamp>5AA578C4</tstamp>
    </comp>
    <comp ref="D6">
      <value>IR</value>
      <footprint>LEDs:LED-5MM</footprint>
      <libsource lib="device" part="LED"/>
      <sheetpath names="/Board1/" tstamps="/5AA01C83/"/>
      <tstamp>5AA579A3</tstamp>
    </comp>
    <comp ref="Q2">
      <value>2N3904</value>
      <footprint>Transistors:SOT-233904</footprint>
      <libsource lib="transistors" part="2N3904"/>
      <sheetpath names="/Board1/" tstamps="/5AA01C83/"/>
      <tstamp>5AA57CEE</tstamp>
    </comp>
    <comp ref="Q1">
      <value>2N3904</value>
      <footprint>Transistors:SOT-233904</footprint>
      <libsource lib="transistors" part="2N3904"/>
      <sheetpath names="/Board1/" tstamps="/5AA01C83/"/>
      <tstamp>5AA57E0C</tstamp>
    </comp>
    <comp ref="R2">
      <value>68R</value>
      <footprint>Resistors_SMD:R_0805</footprint>
      <libsource lib="device" part="R"/>
      <sheetpath names="/Board1/" tstamps="/5AA01C83/"/>
      <tstamp>5AA590FA</tstamp>
    </comp>
    <comp ref="J1">
      <value>Conn_01x06</value>
      <footprint>Socket_Strips:Socket_Strip_Straight_1x06_Pitch2.54mm</footprint>
      <libsource lib="conn" part="Conn_01x06"/>
      <sheetpath names="/Board1/" tstamps="/5AA01C83/"/>
      <tstamp>5AA9B9AA</tstamp>
    </comp>
    <comp ref="R3">
      <value>68R</value>
      <footprint>Resistors_SMD:R_0805</footprint>
      <libsource lib="device" part="R"/>
      <sheetpath names="/Board1/" tstamps="/5AA01C83/"/>
      <tstamp>5AAB2FB1</tstamp>
    </comp>
    <comp ref="R4">
      <value>68R</value>
      <footprint>Resistors_SMD:R_0805</footprint>
      <libsource lib="device" part="R"/>
      <sheetpath names="/Board1/" tstamps="/5AA01C83/"/>
      <tstamp>5AAB30A9</tstamp>
    </comp>
    <comp ref="R5">
      <value>68R</value>
      <footprint>Resistors_SMD:R_0805</footprint>
      <libsource lib="device" part="R"/>
      <sheetpath names="/Board1/" tstamps="/5AA01C83/"/>
      <tstamp>5AAB328E</tstamp>
    </comp>
    <comp ref="U2">
      <value>CLP6C-FKB</value>
      <footprint>Diodes_SMD:CLP6C-FKB</footprint>
      <libsource lib="diodes" part="CLP6C-FKB"/>
      <sheetpath names="/Board1/" tstamps="/5AA01C83/"/>
      <tstamp>5AAB598F</tstamp>
    </comp>
    <comp ref="U3">
      <value>CLP6C-FKB</value>
      <footprint>Diodes_SMD:CLP6C-FKB</footprint>
      <libsource lib="diodes" part="CLP6C-FKB"/>
      <sheetpath names="/Board1/" tstamps="/5AA01C83/"/>
      <tstamp>5AAB5C62</tstamp>
    </comp>
    <comp ref="U4">
      <value>CLP6C-FKB</value>
      <footprint>Diodes_SMD:CLP6C-FKB</footprint>
      <libsource lib="diodes" part="CLP6C-FKB"/>
      <sheetpath names="/Board1/" tstamps="/5AA01C83/"/>
      <tstamp>5AAB5DDB</tstamp>
    </comp>
    <comp ref="U5">
      <value>CLP6C-FKB</value>
      <footprint>Diodes_SMD:CLP6C-FKB</footprint>
      <libsource lib="diodes" part="CLP6C-FKB"/>
      <sheetpath names="/Board1/" tstamps="/5AA01C83/"/>
      <tstamp>5AAB5F2F</tstamp>
    </comp>
    <comp ref="U6">
      <value>CLP6C-FKB</value>
      <footprint>Diodes_SMD:CLP6C-FKB</footprint>
      <libsource lib="diodes" part="CLP6C-FKB"/>
      <sheetpath names="/Board1/" tstamps="/5AA01C83/"/>
      <tstamp>5AAB60A2</tstamp>
    </comp>
    <comp ref="U7">
      <value>CLP6C-FKB</value>
      <footprint>Diodes_SMD:CLP6C-FKB</footprint>
      <libsource lib="diodes" part="CLP6C-FKB"/>
      <sheetpath names="/Board1/" tstamps="/5AA01C83/"/>
      <tstamp>5AAB6232</tstamp>
    </comp>
    <comp ref="U8">
      <value>CLP6C-FKB</value>
      <footprint>Diodes_SMD:CLP6C-FKB</footprint>
      <libsource lib="diodes" part="CLP6C-FKB"/>
      <sheetpath names="/Board1/" tstamps="/5AA01C83/"/>
      <tstamp>5AAB63D4</tstamp>
    </comp>
    <comp ref="U9">
      <value>CLP6C-FKB</value>
      <footprint>Diodes_SMD:CLP6C-FKB</footprint>
      <libsource lib="diodes" part="CLP6C-FKB"/>
      <sheetpath names="/Board1/" tstamps="/5AA01C83/"/>
      <tstamp>5AAB6594</tstamp>
    </comp>
    <comp ref="U13">
      <value>CLP6C-FKB</value>
      <footprint>Diodes_SMD:CLP6C-FKB</footprint>
      <libsource lib="diodes" part="CLP6C-FKB"/>
      <sheetpath names="/Board1/" tstamps="/5AA01C83/"/>
      <tstamp>5AAB7355</tstamp>
    </comp>
    <comp ref="U14">
      <value>CLP6C-FKB</value>
      <footprint>Diodes_SMD:CLP6C-FKB</footprint>
      <libsource lib="diodes" part="CLP6C-FKB"/>
      <sheetpath names="/Board1/" tstamps="/5AA01C83/"/>
      <tstamp>5AAB758D</tstamp>
    </comp>
    <comp ref="U15">
      <value>CLP6C-FKB</value>
      <footprint>Diodes_SMD:CLP6C-FKB</footprint>
      <libsource lib="diodes" part="CLP6C-FKB"/>
      <sheetpath names="/Board1/" tstamps="/5AA01C83/"/>
      <tstamp>5AAB7843</tstamp>
    </comp>
    <comp ref="U16">
      <value>CLP6C-FKB</value>
      <footprint>Diodes_SMD:CLP6C-FKB</footprint>
      <libsource lib="diodes" part="CLP6C-FKB"/>
      <sheetpath names="/Board1/" tstamps="/5AA01C83/"/>
      <tstamp>5AAB7AD8</tstamp>
    </comp>
    <comp ref="U17">
      <value>CLP6C-FKB</value>
      <footprint>Diodes_SMD:CLP6C-FKB</footprint>
      <libsource lib="diodes" part="CLP6C-FKB"/>
      <sheetpath names="/Board1/" tstamps="/5AA01C83/"/>
      <tstamp>5AAB7D17</tstamp>
    </comp>
    <comp ref="U18">
      <value>CLP6C-FKB</value>
      <footprint>Diodes_SMD:CLP6C-FKB</footprint>
      <libsource lib="diodes" part="CLP6C-FKB"/>
      <sheetpath names="/Board1/" tstamps="/5AA01C83/"/>
      <tstamp>5AAB7F70</tstamp>
    </comp>
    <comp ref="U19">
      <value>CLP6C-FKB</value>
      <footprint>Diodes_SMD:CLP6C-FKB</footprint>
      <libsource lib="diodes" part="CLP6C-FKB"/>
      <sheetpath names="/Board1/" tstamps="/5AA01C83/"/>
      <tstamp>5AAB81EB</tstamp>
    </comp>
    <comp ref="U20">
      <value>CLP6C-FKB</value>
      <footprint>Diodes_SMD:CLP6C-FKB</footprint>
      <libsource lib="diodes" part="CLP6C-FKB"/>
      <sheetpath names="/Board1/" tstamps="/5AA01C83/"/>
      <tstamp>5AAB847E</tstamp>
    </comp>
    <comp ref="U21">
      <value>CLP6C-FKB</value>
      <footprint>Diodes_SMD:CLP6C-FKB</footprint>
      <libsource lib="diodes" part="CLP6C-FKB"/>
      <sheetpath names="/Board1/" tstamps="/5AA01C83/"/>
      <tstamp>5AAB87B3</tstamp>
    </comp>
    <comp ref="U22">
      <value>CLP6C-FKB</value>
      <footprint>Diodes_SMD:CLP6C-FKB</footprint>
      <libsource lib="diodes" part="CLP6C-FKB"/>
      <sheetpath names="/Board1/" tstamps="/5AA01C83/"/>
      <tstamp>5AAB8AD2</tstamp>
    </comp>
    <comp ref="U23">
      <value>CLP6C-FKB</value>
      <footprint>Diodes_SMD:CLP6C-FKB</footprint>
      <libsource lib="diodes" part="CLP6C-FKB"/>
      <sheetpath names="/Board1/" tstamps="/5AA01C83/"/>
      <tstamp>5AAB8E0E</tstamp>
    </comp>
    <comp ref="J15">
      <value>Jack-DC</value>
      <footprint>Jacks:21mmdcjack</footprint>
      <libsource lib="Real_TimeBoardA-rescue" part="Jack-DC-RESCUE-Real_TimeBoardA"/>
      <sheetpath names="/Board1/" tstamps="/5AA01C83/"/>
      <tstamp>5AAB2DAF</tstamp>
    </comp>
    <comp ref="C9">
      <value>10uF</value>
      <footprint>Capacitors_SMD:c_elec_5x5.7</footprint>
      <libsource lib="device" part="CP"/>
      <sheetpath names="/Board1/" tstamps="/5AA01C83/"/>
      <tstamp>5AAB3283</tstamp>
    </comp>
    <comp ref="C10">
      <value>100n</value>
      <footprint>Capacitors_SMD:C_0805</footprint>
      <libsource lib="device" part="C"/>
      <sheetpath names="/Board1/" tstamps="/5AA01C83/"/>
      <tstamp>5AAB3624</tstamp>
    </comp>
    <comp ref="Q9">
      <value>IRF4905PBF</value>
      <footprint>Transistors:TO220_ALT</footprint>
      <libsource lib="device" part="Q_PMOS_DGS"/>
      <sheetpath names="/Board1/" tstamps="/5AA01C83/"/>
      <tstamp>5AAB4304</tstamp>
    </comp>
    <comp ref="U82">
      <value>LM1084-5.0</value>
      <footprint>Transistors:TO220_ALT</footprint>
      <libsource lib="regul" part="LM1084-5.0"/>
      <sheetpath names="/Board1/" tstamps="/5AA01C83/"/>
      <tstamp>5AAED677</tstamp>
    </comp>
    <comp ref="C12">
      <value>10uF</value>
      <footprint>Capacitors_SMD:c_elec_5x5.7</footprint>
      <libsource lib="device" part="CP"/>
      <sheetpath names="/Board1/" tstamps="/5AA01C83/"/>
      <tstamp>5AAEEAE4</tstamp>
    </comp>
    <comp ref="J3">
      <value>Conn_01x06</value>
      <footprint>Socket_Strips:Socket_Strip_Straight_1x06_Pitch2.54mm</footprint>
      <libsource lib="conn" part="Conn_01x06"/>
      <sheetpath names="/Board1/" tstamps="/5AA01C83/"/>
      <tstamp>5AB0C9DB</tstamp>
    </comp>
    <comp ref="J4">
      <value>Conn_01x06</value>
      <footprint>Socket_Strips:Socket_Strip_Straight_1x06_Pitch2.54mm</footprint>
      <libsource lib="conn" part="Conn_01x06"/>
      <sheetpath names="/Board1/" tstamps="/5AA01C83/"/>
      <tstamp>5AB0CAF7</tstamp>
    </comp>
  </components>
  <libparts>
    <libpart lib="transistors" part="2N3904">
      <description>40V Vce, 0.2A Ic, NPN, Small Signal Transistor, TO-92</description>
      <docs>https://www.fairchildsemi.com/datasheets/2N/2N3904.pdf</docs>
      <footprints>
        <fp>TO?92*</fp>
      </footprints>
      <fields>
        <field name="Reference">Q</field>
        <field name="Value">2N3904</field>
        <field name="Footprint">TO_SOT_Packages_THT:TO-92_Molded_Narrow</field>
      </fields>
      <pins>
        <pin num="1" name="E" type="passive"/>
        <pin num="2" name="B" type="passive"/>
        <pin num="3" name="C" type="passive"/>
      </pins>
    </libpart>
    <libpart lib="device" part="C">
      <description>Unpolarized capacitor</description>
      <footprints>
        <fp>C_*</fp>
      </footprints>
      <fields>
        <field name="Reference">C</field>
        <field name="Value">C</field>
      </fields>
      <pins>
        <pin num="1" name="~" type="passive"/>
        <pin num="2" name="~" type="passive"/>
      </pins>
    </libpart>
    <libpart lib="diodes" part="CLP6C-FKB">
      <fields>
        <field name="Reference">U</field>
        <field name="Value">CLP6C-FKB</field>
      </fields>
      <pins>
        <pin num="1" name="A" type="passive"/>
        <pin num="2" name="A" type="passive"/>
        <pin num="3" name="A" type="passive"/>
        <pin num="4" name="C" type="passive"/>
        <pin num="5" name="C" type="passive"/>
        <pin num="6" name="C" type="passive"/>
      </pins>
    </libpart>
    <libpart lib="device" part="CP">
      <description>Polarised capacitor</description>
      <footprints>
        <fp>CP_*</fp>
      </footprints>
      <fields>
        <field name="Reference">C</field>
        <field name="Value">CP</field>
      </fields>
      <pins>
        <pin num="1" name="~" type="passive"/>
        <pin num="2" name="~" type="passive"/>
      </pins>
    </libpart>
    <libpart lib="conn" part="Conn_01x06">
      <description>Generic connector, single row, 01x06</description>
      <docs>~</docs>
      <footprints>
        <fp>Connector*:*_??x*mm*</fp>
        <fp>Connector*:*1x??x*mm*</fp>
        <fp>Pin?Header?Straight?1X*</fp>
        <fp>Pin?Header?Angled?1X*</fp>
        <fp>Socket?Strip?Straight?1X*</fp>
        <fp>Socket?Strip?Angled?1X*</fp>
      </footprints>
      <fields>
        <field name="Reference">J</field>
        <field name="Value">Conn_01x06</field>
      </fields>
      <pins>
        <pin num="1" name="Pin_1" type="passive"/>
        <pin num="2" name="Pin_2" type="passive"/>
        <pin num="3" name="Pin_3" type="passive"/>
        <pin num="4" name="Pin_4" type="passive"/>
        <pin num="5" name="Pin_5" type="passive"/>
        <pin num="6" name="Pin_6" type="passive"/>
      </pins>
    </libpart>
    <libpart lib="Real_TimeBoardA-rescue" part="Jack-DC-RESCUE-Real_TimeBoardA">
      <fields>
        <field name="Reference">J</field>
        <field name="Value">Jack-DC-RESCUE-Real_TimeBoardA</field>
      </fields>
      <pins>
        <pin num="R" name="~" type="passive"/>
        <pin num="S" name="~" type="passive"/>
        <pin num="T" name="~" type="passive"/>
      </pins>
    </libpart>
    <libpart lib="device" part="LED">
      <description>LED generic</description>
      <footprints>
        <fp>LED*</fp>
      </footprints>
      <fields>
        <field name="Reference">D</field>
        <field name="Value">LED</field>
      </fields>
      <pins>
        <pin num="1" name="K" type="passive"/>
        <pin num="2" name="A" type="passive"/>
      </pins>
    </libpart>
    <libpart lib="regul" part="LM1084-3.3">
      <aliases>
        <alias>LM1084-5.0</alias>
        <alias>LM1085-3.3</alias>
        <alias>LM1085-5.0</alias>
        <alias>LM1085-12</alias>
        <alias>LT1086-2.85</alias>
        <alias>LT1086-3.3</alias>
        <alias>LT1086-3.6</alias>
        <alias>LT1086-5.0</alias>
        <alias>LT1086-12</alias>
        <alias>LT1083-3.3</alias>
        <alias>LT1083-3.6</alias>
        <alias>LT1083-5.0</alias>
        <alias>LT1083-12</alias>
        <alias>LT1084-3.3</alias>
        <alias>LT1084-3.6</alias>
        <alias>LT1084-5.0</alias>
        <alias>LT1084-12</alias>
        <alias>LT1085-3.3</alias>
        <alias>LT1085-3.6</alias>
        <alias>LT1085-5.0</alias>
        <alias>LT1085-12</alias>
      </aliases>
      <description>5A 27V Linear Regulator, Fixed Output 3.3V, TO-220/TO-263</description>
      <docs>http://www.ti.com/lit/ds/symlink/lm1084.pdf</docs>
      <footprints>
        <fp>TO?220*</fp>
        <fp>TO?263*</fp>
      </footprints>
      <fields>
        <field name="Reference">U</field>
        <field name="Value">LM1084-3.3</field>
      </fields>
      <pins>
        <pin num="1" name="GND" type="power_in"/>
        <pin num="2" name="VO" type="power_out"/>
        <pin num="3" name="VI" type="power_in"/>
      </pins>
    </libpart>
    <libpart lib="misc" part="MAX7221">
      <fields>
        <field name="Reference">U</field>
        <field name="Value">MAX7221</field>
      </fields>
      <pins>
        <pin num="1" name="DIN" type="input"/>
        <pin num="2" name="DIG_0" type="input"/>
        <pin num="3" name="DIG_4" type="input"/>
        <pin num="4" name="GND" type="input"/>
        <pin num="5" name="DIG_6" type="input"/>
        <pin num="6" name="DIG_2" type="input"/>
        <pin num="7" name="DIG_3" type="input"/>
        <pin num="8" name="DIG_7" type="input"/>
        <pin num="9" name="GND" type="input"/>
        <pin num="10" name="DIG_5" type="input"/>
        <pin num="11" name="DIG_1" type="input"/>
        <pin num="12" name="~CS" type="input"/>
        <pin num="13" name="CLK" type="input"/>
        <pin num="14" name="SEG_A" type="input"/>
        <pin num="15" name="SEG_F" type="input"/>
        <pin num="16" name="SEG_B" type="input"/>
        <pin num="17" name="SEG_G" type="input"/>
        <pin num="18" name="ISET" type="input"/>
        <pin num="19" name="V+" type="input"/>
        <pin num="20" name="SEG_C" type="input"/>
        <pin num="21" name="SEG_E" type="input"/>
        <pin num="22" name="SEG_DP" type="input"/>
        <pin num="23" name="SEG_D" type="input"/>
        <pin num="24" name="DOUT" type="input"/>
      </pins>
    </libpart>
    <libpart lib="device" part="Q_PMOS_DGS">
      <description>Transistor P-MOSFET with substrate diode (general)</description>
      <fields>
        <field name="Reference">Q</field>
        <field name="Value">Q_PMOS_DGS</field>
      </fields>
      <pins>
        <pin num="1" name="G" type="input"/>
        <pin num="2" name="D" type="passive"/>
        <pin num="3" name="S" type="passive"/>
      </pins>
    </libpart>
    <libpart lib="device" part="R">
      <description>Resistor</description>
      <footprints>
        <fp>R_*</fp>
        <fp>R_*</fp>
      </footprints>
      <fields>
        <field name="Reference">R</field>
        <field name="Value">R</field>
      </fields>
      <pins>
        <pin num="1" name="~" type="passive"/>
        <pin num="2" name="~" type="passive"/>
      </pins>
    </libpart>
    <libpart lib="conn" part="Raspberry_Pi_2_3">
      <description>expansion header for Raspberry Pi 2 &amp; 3</description>
      <docs>https://www.raspberrypi.org/documentation/hardware/raspberrypi/schematics/RPI-3B-V1_2-SCHEMATIC-REDUCED.pdf</docs>
      <fields>
        <field name="Reference">J</field>
        <field name="Value">Raspberry_Pi_2_3</field>
        <field name="Footprint">Pin_Headers:Pin_Header_Straight_2x20</field>
      </fields>
      <pins>
        <pin num="1" name="3V3" type="power_out"/>
        <pin num="2" name="5V" type="passive"/>
        <pin num="3" name="(SDA1)_GPIO2" type="BiDi"/>
        <pin num="4" name="5V" type="passive"/>
        <pin num="5" name="(SCL1)_GPIO3" type="BiDi"/>
        <pin num="6" name="GND" type="passive"/>
        <pin num="7" name="(GCLK)_GPIO4" type="BiDi"/>
        <pin num="8" name="(TXD0)_GPIO14" type="BiDi"/>
        <pin num="9" name="GND" type="passive"/>
        <pin num="10" name="(RXD0)_GPIO15" type="BiDi"/>
        <pin num="11" name="GPIO17_(GEN0)" type="BiDi"/>
        <pin num="12" name="GPIO18_(GEN1)" type="BiDi"/>
        <pin num="13" name="GPIO27_(GEN2)" type="BiDi"/>
        <pin num="14" name="GND" type="passive"/>
        <pin num="15" name="GPIO22_(GEN3)" type="BiDi"/>
        <pin num="16" name="GPIO23_(GEN4)" type="BiDi"/>
        <pin num="17" name="3V3" type="power_out"/>
        <pin num="18" name="GPIO24_(GEN5)" type="BiDi"/>
        <pin num="19" name="(SPI_MOSI)_GPIO10" type="BiDi"/>
        <pin num="20" name="GND" type="passive"/>
        <pin num="21" name="(SPI_MISO)_GPIO9" type="BiDi"/>
        <pin num="22" name="GPIO25_(GEN6)" type="BiDi"/>
        <pin num="23" name="(SPI_SCLK)_GPIO11" type="BiDi"/>
        <pin num="24" name="(~SPI_CE0~)_GPIO8" type="BiDi"/>
        <pin num="25" name="GND" type="passive"/>
        <pin num="26" name="(~SPI_CE1~)_GPIO7" type="BiDi"/>
        <pin num="27" name="ID_SD" type="BiDi"/>
        <pin num="28" name="ID_SC" type="BiDi"/>
        <pin num="29" name="GPIO5" type="BiDi"/>
        <pin num="30" name="GND" type="passive"/>
        <pin num="31" name="GPIO6" type="BiDi"/>
        <pin num="32" name="GPIO12" type="BiDi"/>
        <pin num="33" name="GPIO13" type="BiDi"/>
        <pin num="34" name="GND" type="passive"/>
        <pin num="35" name="GPIO19" type="BiDi"/>
        <pin num="36" name="GPIO16" type="BiDi"/>
        <pin num="37" name="GPIO26" type="BiDi"/>
        <pin num="38" name="GPIO20" type="BiDi"/>
        <pin num="39" name="GND" type="passive"/>
        <pin num="40" name="GPIO21" type="BiDi"/>
      </pins>
    </libpart>
  </libparts>
  <libraries>
    <library logical="conn">
      <uri>/Library/Application Support/kicad/library/conn.lib</uri>
    </library>
    <library logical="misc">
      <uri>/Users/OllyWarner/Documents/Fretronics Audio/KiCad/Libs/Components/misc.lib</uri>
    </library>
    <library logical="regul">
      <uri>/Library/Application Support/kicad/library/regul.lib</uri>
    </library>
    <library logical="Real_TimeBoardA-rescue">
      <uri>Real_TimeBoardA-rescue.lib</uri>
    </library>
    <library logical="device">
      <uri>/Library/Application Support/kicad/library/device.lib</uri>
    </library>
    <library logical="diodes">
      <uri>/Users/OllyWarner/Documents/Fretronics Audio/KiCad/Libs/Components/diodes.lib</uri>
    </library>
    <library logical="transistors">
      <uri>/Library/Application Support/kicad/library/transistors.lib</uri>
    </library>
  </libraries>
  <nets>
    <net code="1" name="/Board1/SCL">
      <node ref="J1" pin="2"/>
      <node ref="J2" pin="5"/>
    </net>
    <net code="2" name="/Board1/INT">
      <node ref="J1" pin="3"/>
      <node ref="J2" pin="7"/>
    </net>
    <net code="3" name="/Board1/UV1">
      <node ref="Q1" pin="2"/>
      <node ref="J2" pin="36"/>
    </net>
    <net code="4" name="/Board1/UV2">
      <node ref="J2" pin="11"/>
      <node ref="J3" pin="2"/>
    </net>
    <net code="5" name="/Board1/UV3">
      <node ref="J2" pin="12"/>
      <node ref="J3" pin="3"/>
    </net>
    <net code="6" name="/Board1/UV4">
      <node ref="J2" pin="35"/>
      <node ref="J3" pin="4"/>
    </net>
    <net code="7" name="/Board1/IR1">
      <node ref="Q2" pin="2"/>
      <node ref="J2" pin="38"/>
    </net>
    <net code="8" name="/Board1/IR2">
      <node ref="J4" pin="1"/>
      <node ref="J2" pin="40"/>
    </net>
    <net code="9" name="Net-(D1-Pad1)">
      <node ref="D1" pin="1"/>
      <node ref="R2" pin="1"/>
    </net>
    <net code="10" name="Net-(D2-Pad1)">
      <node ref="R3" pin="1"/>
      <node ref="D2" pin="1"/>
    </net>
    <net code="11" name="Net-(Q1-Pad3)">
      <node ref="R2" pin="2"/>
      <node ref="R3" pin="2"/>
      <node ref="Q1" pin="3"/>
    </net>
    <net code="12" name="Net-(D3-Pad1)">
      <node ref="R4" pin="1"/>
      <node ref="D3" pin="1"/>
    </net>
    <net code="13" name="Net-(D4-Pad1)">
      <node ref="D4" pin="1"/>
      <node ref="R5" pin="1"/>
    </net>
    <net code="14" name="Net-(Q2-Pad3)">
      <node ref="R5" pin="2"/>
      <node ref="R4" pin="2"/>
      <node ref="Q2" pin="3"/>
    </net>
    <net code="15" name="Net-(D3-Pad2)">
      <node ref="D3" pin="2"/>
      <node ref="D5" pin="1"/>
    </net>
    <net code="16" name="Net-(D4-Pad2)">
      <node ref="D4" pin="2"/>
      <node ref="D6" pin="1"/>
    </net>
    <net code="17" name="/Board1/CLK">
      <node ref="U1" pin="13"/>
      <node ref="J2" pin="23"/>
      <node ref="J4" pin="4"/>
    </net>
    <net code="18" name="/Board1/CS">
      <node ref="J4" pin="5"/>
      <node ref="J2" pin="24"/>
      <node ref="U1" pin="12"/>
    </net>
    <net code="19" name="/Board1/SDA">
      <node ref="J2" pin="3"/>
      <node ref="J1" pin="1"/>
    </net>
    <net code="20" name="/Board1/DOUT">
      <node ref="U1" pin="24"/>
      <node ref="J3" pin="5"/>
    </net>
    <net code="21" name="Net-(U22-Pad1)">
      <node ref="U22" pin="2"/>
      <node ref="U22" pin="1"/>
    </net>
    <net code="22" name="/Board1/DIN">
      <node ref="U1" pin="1"/>
      <node ref="J2" pin="19"/>
    </net>
    <net code="23" name="Net-(R1-Pad1)">
      <node ref="U1" pin="18"/>
      <node ref="R1" pin="1"/>
    </net>
    <net code="24" name="GND">
      <node ref="J15" pin="S"/>
      <node ref="C12" pin="2"/>
      <node ref="J3" pin="6"/>
      <node ref="U82" pin="1"/>
      <node ref="U1" pin="9"/>
      <node ref="U1" pin="4"/>
      <node ref="C1" pin="2"/>
      <node ref="C2" pin="2"/>
      <node ref="J2" pin="30"/>
      <node ref="J2" pin="20"/>
      <node ref="J2" pin="9"/>
      <node ref="J2" pin="6"/>
      <node ref="J2" pin="39"/>
      <node ref="J2" pin="25"/>
      <node ref="J2" pin="34"/>
      <node ref="J2" pin="14"/>
      <node ref="Q1" pin="1"/>
      <node ref="Q2" pin="1"/>
      <node ref="J1" pin="4"/>
      <node ref="Q9" pin="1"/>
      <node ref="C10" pin="2"/>
      <node ref="C9" pin="2"/>
    </net>
    <net code="25" name="Net-(J15-PadT)">
      <node ref="Q9" pin="2"/>
      <node ref="J15" pin="T"/>
    </net>
    <net code="26" name="Net-(J2-Pad13)">
      <node ref="J2" pin="13"/>
    </net>
    <net code="27" name="Net-(J2-Pad37)">
      <node ref="J2" pin="37"/>
    </net>
    <net code="28" name="Net-(J2-Pad22)">
      <node ref="J2" pin="22"/>
    </net>
    <net code="29" name="Net-(J2-Pad18)">
      <node ref="J2" pin="18"/>
    </net>
    <net code="30" name="Net-(J2-Pad27)">
      <node ref="J2" pin="27"/>
    </net>
    <net code="31" name="Net-(J2-Pad28)">
      <node ref="J2" pin="28"/>
    </net>
    <net code="32" name="Net-(J2-Pad10)">
      <node ref="J2" pin="10"/>
    </net>
    <net code="33" name="Net-(J2-Pad8)">
      <node ref="J2" pin="8"/>
    </net>
    <net code="34" name="Net-(J2-Pad33)">
      <node ref="J2" pin="33"/>
    </net>
    <net code="35" name="Net-(J2-Pad21)">
      <node ref="J2" pin="21"/>
    </net>
    <net code="36" name="Net-(J2-Pad31)">
      <node ref="J2" pin="31"/>
    </net>
    <net code="37" name="Net-(J2-Pad29)">
      <node ref="J2" pin="29"/>
    </net>
    <net code="38" name="Net-(J4-Pad6)">
      <node ref="J4" pin="6"/>
    </net>
    <net code="39" name="Net-(J15-PadR)">
      <node ref="J15" pin="R"/>
    </net>
    <net code="40" name="+5V">
      <node ref="J2" pin="2"/>
      <node ref="U1" pin="19"/>
      <node ref="D1" pin="2"/>
      <node ref="D2" pin="2"/>
      <node ref="D5" pin="2"/>
      <node ref="D6" pin="2"/>
      <node ref="R1" pin="2"/>
      <node ref="C1" pin="1"/>
      <node ref="C2" pin="1"/>
      <node ref="J3" pin="1"/>
      <node ref="C10" pin="1"/>
      <node ref="U82" pin="2"/>
      <node ref="C9" pin="1"/>
    </net>
    <net code="41" name="/Board1/ADDR">
      <node ref="J1" pin="5"/>
      <node ref="J2" pin="32"/>
    </net>
    <net code="42" name="Net-(J2-Pad4)">
      <node ref="J2" pin="4"/>
    </net>
    <net code="43" name="Net-(J2-Pad17)">
      <node ref="J2" pin="17"/>
    </net>
    <net code="44" name="+3V3">
      <node ref="J1" pin="6"/>
      <node ref="J2" pin="1"/>
    </net>
    <net code="45" name="Net-(C12-Pad1)">
      <node ref="C12" pin="1"/>
      <node ref="U82" pin="3"/>
      <node ref="Q9" pin="3"/>
    </net>
    <net code="46" name="Net-(J2-Pad26)">
      <node ref="J2" pin="26"/>
    </net>
    <net code="47" name="/Board1/IR3">
      <node ref="J2" pin="15"/>
      <node ref="J4" pin="2"/>
    </net>
    <net code="48" name="/Board1/IR4">
      <node ref="J2" pin="16"/>
      <node ref="J4" pin="3"/>
    </net>
    <net code="49" name="/Board1/E">
      <node ref="U7" pin="3"/>
      <node ref="U1" pin="21"/>
      <node ref="U23" pin="3"/>
      <node ref="U18" pin="1"/>
      <node ref="U18" pin="2"/>
      <node ref="U18" pin="3"/>
      <node ref="U7" pin="2"/>
      <node ref="U7" pin="1"/>
    </net>
    <net code="50" name="/Board1/D">
      <node ref="U1" pin="23"/>
      <node ref="U6" pin="3"/>
      <node ref="U6" pin="2"/>
      <node ref="U6" pin="1"/>
      <node ref="U17" pin="1"/>
      <node ref="U17" pin="2"/>
      <node ref="U17" pin="3"/>
      <node ref="U22" pin="3"/>
    </net>
    <net code="51" name="/Board1/C">
      <node ref="U16" pin="2"/>
      <node ref="U16" pin="3"/>
      <node ref="U16" pin="1"/>
      <node ref="U1" pin="20"/>
      <node ref="U21" pin="3"/>
      <node ref="U5" pin="1"/>
      <node ref="U5" pin="3"/>
      <node ref="U5" pin="2"/>
    </net>
    <net code="52" name="/Board1/B">
      <node ref="U4" pin="1"/>
      <node ref="U23" pin="1"/>
      <node ref="U1" pin="16"/>
      <node ref="U4" pin="3"/>
      <node ref="U15" pin="3"/>
      <node ref="U15" pin="2"/>
      <node ref="U23" pin="2"/>
      <node ref="U15" pin="1"/>
      <node ref="U4" pin="2"/>
    </net>
    <net code="53" name="/Board1/A">
      <node ref="U14" pin="3"/>
      <node ref="U14" pin="2"/>
      <node ref="U14" pin="1"/>
      <node ref="U1" pin="14"/>
      <node ref="U3" pin="1"/>
      <node ref="U3" pin="2"/>
      <node ref="U3" pin="3"/>
    </net>
    <net code="54" name="/Board1/DP">
      <node ref="U21" pin="2"/>
      <node ref="U13" pin="1"/>
      <node ref="U13" pin="2"/>
      <node ref="U13" pin="3"/>
      <node ref="U21" pin="1"/>
      <node ref="U1" pin="22"/>
      <node ref="U2" pin="1"/>
      <node ref="U2" pin="2"/>
      <node ref="U2" pin="3"/>
    </net>
    <net code="55" name="/Board1/G">
      <node ref="U20" pin="2"/>
      <node ref="U20" pin="1"/>
      <node ref="U20" pin="3"/>
      <node ref="U1" pin="17"/>
      <node ref="U9" pin="3"/>
      <node ref="U9" pin="2"/>
      <node ref="U9" pin="1"/>
    </net>
    <net code="56" name="/Board1/F">
      <node ref="U8" pin="3"/>
      <node ref="U19" pin="2"/>
      <node ref="U19" pin="3"/>
      <node ref="U1" pin="15"/>
      <node ref="U8" pin="2"/>
      <node ref="U8" pin="1"/>
      <node ref="U19" pin="1"/>
    </net>
    <net code="57" name="Net-(U1-Pad2)">
      <node ref="U2" pin="6"/>
      <node ref="U4" pin="6"/>
      <node ref="U5" pin="6"/>
      <node ref="U6" pin="6"/>
      <node ref="U7" pin="6"/>
      <node ref="U1" pin="2"/>
      <node ref="U9" pin="6"/>
      <node ref="U3" pin="6"/>
      <node ref="U8" pin="6"/>
    </net>
    <net code="58" name="Net-(U1-Pad11)">
      <node ref="U9" pin="5"/>
      <node ref="U7" pin="5"/>
      <node ref="U8" pin="5"/>
      <node ref="U4" pin="5"/>
      <node ref="U5" pin="5"/>
      <node ref="U6" pin="5"/>
      <node ref="U2" pin="5"/>
      <node ref="U3" pin="5"/>
      <node ref="U1" pin="11"/>
    </net>
    <net code="59" name="Net-(U1-Pad6)">
      <node ref="U3" pin="4"/>
      <node ref="U6" pin="4"/>
      <node ref="U8" pin="4"/>
      <node ref="U2" pin="4"/>
      <node ref="U9" pin="4"/>
      <node ref="U5" pin="4"/>
      <node ref="U7" pin="4"/>
      <node ref="U4" pin="4"/>
      <node ref="U1" pin="6"/>
    </net>
    <net code="60" name="Net-(U1-Pad8)">
      <node ref="U1" pin="8"/>
      <node ref="U23" pin="5"/>
      <node ref="U21" pin="5"/>
      <node ref="U22" pin="5"/>
    </net>
    <net code="61" name="Net-(U1-Pad5)">
      <node ref="U22" pin="4"/>
      <node ref="U23" pin="6"/>
      <node ref="U1" pin="5"/>
      <node ref="U21" pin="6"/>
      <node ref="U21" pin="4"/>
      <node ref="U22" pin="6"/>
      <node ref="U23" pin="4"/>
    </net>
    <net code="62" name="Net-(U1-Pad7)">
      <node ref="U20" pin="6"/>
      <node ref="U14" pin="6"/>
      <node ref="U15" pin="6"/>
      <node ref="U1" pin="7"/>
      <node ref="U13" pin="6"/>
      <node ref="U17" pin="6"/>
      <node ref="U18" pin="6"/>
      <node ref="U16" pin="6"/>
      <node ref="U19" pin="6"/>
    </net>
    <net code="63" name="Net-(U1-Pad3)">
      <node ref="U1" pin="3"/>
      <node ref="U19" pin="5"/>
      <node ref="U17" pin="5"/>
      <node ref="U18" pin="5"/>
      <node ref="U20" pin="5"/>
      <node ref="U16" pin="5"/>
      <node ref="U13" pin="5"/>
      <node ref="U15" pin="5"/>
      <node ref="U14" pin="5"/>
    </net>
    <net code="64" name="Net-(U1-Pad10)">
      <node ref="U17" pin="4"/>
      <node ref="U1" pin="10"/>
      <node ref="U19" pin="4"/>
      <node ref="U16" pin="4"/>
      <node ref="U18" pin="4"/>
      <node ref="U15" pin="4"/>
      <node ref="U13" pin="4"/>
      <node ref="U20" pin="4"/>
      <node ref="U14" pin="4"/>
    </net>
  </nets>
</export>
